capacitorTotal,capacitorTotalUNC,airPressure,airTemperature,voltage,FOV,FPS,resolution,velocity,velocityE,travelDistance,capacitorDistance,capacitorDistanceUnc,airTemperatureUnc,airPressureUnc,voltageUnc,velocityUnc,velocityEUnc,charge,chargeStatUnc,chargeSys_airTemperature,chargeSys_airPressure,chargeSys_capacitorDistance,chargeSys_voltage,chargeUnc
0.01991,9e-05,99.8,22.75,500.0,0.00445,19.8,1024,5.0625e-05,0.0002835,0.003,0.004559,9.018314698434516e-05,0.5,0.1,1.5,3.691985105754334e-07,2.4590685372211137e-06,6.493699958511858e-19,5.849400683373456e-21,1.3215528321449446e-21,7.893497783390477e-23,1.2845411226819664e-20,-1.9481275207012803e-21,1.4309717376543262e-20
0.01991,9e-05,99.8,22.75,500.0,0.00445,19.8,1024,3.644e-05,0.0001736,0.0035,0.004559,9.018314698434516e-05,0.5,0.1,1.5,2.270349159559038e-07,1.1621657309186302e-06,3.3895792848595006e-19,2.446608285802445e-21,6.941639032111927e-22,4.7872448544480253e-23,6.705043361736721e-21,-1.0168829374043213e-21,7.243045270544836e-21
0.01991,9e-05,99.8,22.75,500.0,0.00445,19.8,1024,2.911e-05,9.06e-05,0.003,0.004559,9.018314698434516e-05,0.5,0.1,1.5,2.1132110949595975e-07,6.705936681881337e-07,1.698133026383063e-19,1.3890979554336384e-21,3.4942846234647357e-22,2.6537296229390997e-23,3.3591353436559432e-21,-5.09444492915376e-22,3.687237659351406e-21
0.01991,9e-05,99.8,22.75,500.0,0.00445,19.8,1024,2.95e-05,7.671e-05,0.004,0.004559,9.018314698434516e-05,0.5,0.1,1.5,1.606240783201108e-07,4.232705579886792e-07,1.518259342333538e-19,9.305848935939516e-22,3.1232365966482086e-22,2.3585256383324636e-23,3.0033210228124737e-21,-4.554819020371934e-22,3.1924115502298795e-21
0.01991,9e-05,99.8,22.75,500.0,0.00445,22.8,1024,3.3825e-05,6.11e-05,0.004,0.004559,9.018314698434516e-05,0.5,0.1,1.5,1.8416953822791545e-07,3.344178083484472e-07,1.46803378385868e-19,9.050639670239957e-22,3.0110588355968625e-22,2.1443753111312148e-23,2.903968118177497e-21,-4.404140988845002e-22,3.0882455831676616e-21
0.01991,9e-05,99.8,22.75,500.0,0.00445,19.8,1024,2.87e-05,8.03e-05,0.009,0.004559,9.018314698434516e-05,0.5,0.1,1.5,6.944382547477403e-08,1.972146013465842e-07,1.5335774324494192e-19,4.1780319123525966e-22,3.156668872446642e-22,2.4118458764887087e-23,3.0336222637082675e-21,-4.600773704311742e-22,3.112767581431616e-21
0.01991,9e-05,99.8,22.75,500.0,0.00445,19.8,1024,5.056e-05,0.0002827,0.006,0.004559,9.018314698434516e-05,0.5,0.1,1.5,1.8435900814131426e-07,1.2250182283050928e-06,6.472224846455883e-19,2.913212669877008e-21,1.3172126007106696e-21,7.872039873859195e-23,1.2802930569064718e-20,-1.9416849291011845e-21,1.3338411656444367e-20
0.019957,9e-05,99.3,23.0,499.9,0.00445,23.3,1024,2.18e-05,0.000795,0.003,0.0046059999999999,9.018314698434516e-05,0.5,0.1,1.5,1.58040190595495e-07,1.0719616887095233e-05,9.892705534107453e-19,1.3713549989503287e-20,2.0477425369493022e-21,1.7742062419278774e-22,1.9369416353783657e-20,-2.9684320678785813e-21,2.4005667241673533e-20
0.019957,9e-05,99.3,23.0,499.9,0.00445,23.3,1024,0.000203,3.05e-05,0.003,0.0046059999999999,9.018314698434516e-05,0.5,0.1,1.5,1.5840868017498182e-06,2.2130708504812685e-07,9.776791093258725e-19,1.072927131470213e-20,1.9507312759663086e-21,6.244426295697038e-23,1.9142461749861314e-20,-2.933650466206646e-21,2.2225360776470587e-20
0.019957,9e-05,99.3,23.0,499.9,0.00445,23.3,1024,1.49e-05,0.0003111,0.003,0.0046059999999999,9.018314698434516e-05,0.5,0.1,1.5,1.0796502167355098e-07,2.6446599869203904e-06,3.146085522708987e-19,2.9521211764058992e-21,6.578010478696256e-22,6.659174979612364e-23,6.15987609899678e-21,-9.44022959310758e-22,6.927294495154733e-21
0.01991,9e-05,99.8,22.75,500.0,0.00445,19.8,1024,2.901e-05,9.552e-05,0.002,0.004559,9.018314698434516e-05,0.5,0.1,1.5,3.158878173554543e-07,1.0630239936093478e-06,1.7629962875991428e-19,2.1654379231863834e-21,3.6280317172699784e-22,2.759344003454988e-23,3.487443591520248e-21,-5.289036464125743e-22,4.1549381234557546e-21
