capacitorTotal,capacitorTotalUNC,airPressure,airTemperature,voltage,FOV,FPS,resolution,velocity,velocityE,travelDistance,capacitorDistance,capacitorDistanceUnc,airTemperatureUnc,airPressureUnc,voltageUnc,velocityUnc,velocityEUnc
0.01991,9e-05,99.8,22.75,500.0,0.00445,19.8,1024,5.0625e-05,0.0002835,0.003,0.0045590000000000006,9.018314698434515e-05,0.5,0.1,1.5,3.691985105754334e-07,2.4590685372211137e-06
0.01991,9e-05,99.8,22.75,500.0,0.00445,19.8,1024,3.644e-05,0.0001736,0.0035,0.0045590000000000006,9.018314698434515e-05,0.5,0.1,1.5,2.270349159559038e-07,1.1621657309186302e-06
0.01991,9e-05,99.8,22.75,500.0,0.00445,19.8,1024,2.911e-05,9.06e-05,0.003,0.0045590000000000006,9.018314698434515e-05,0.5,0.1,1.5,2.1132110949595975e-07,6.705936681881337e-07
0.01991,9e-05,99.8,22.75,500.0,0.00445,19.8,1024,2.95e-05,7.671e-05,0.004,0.0045590000000000006,9.018314698434515e-05,0.5,0.1,1.5,1.6062407832011079e-07,4.2327055798867916e-07
0.01991,9e-05,99.8,22.75,500.0,0.00445,22.8,1024,3.3825e-05,6.11e-05,0.004,0.0045590000000000006,9.018314698434515e-05,0.5,0.1,1.5,1.8416953822791542e-07,3.3441780834844716e-07
0.01991,9e-05,99.8,22.75,500.0,0.00445,19.8,1024,2.87e-05,8.03e-05,0.009,0.0045590000000000006,9.018314698434515e-05,0.5,0.1,1.5,6.944382547477403e-08,1.972146013465842e-07
0.01991,9e-05,99.8,22.75,500.0,0.00445,19.8,1024,5.056e-05,0.0002827,0.006,0.0045590000000000006,9.018314698434515e-05,0.5,0.1,1.5,1.8435900814131426e-07,1.2250182283050928e-06
0.019957,0.0001,99.3,23.0,499.9,0.00445,23.3,1024,2.18e-05,0.000795,0.003,0.004605999999999999,0.00010016486409914407,0.5,0.1,1.5,1.58040190595495e-07,1.0719616887095233e-05
0.019957,0.0001,99.3,23.0,499.9,0.00445,23.3,1024,0.000203,3.05e-05,0.003,0.004605999999999999,0.00010016486409914407,0.5,0.1,1.5,1.5840868017498182e-06,2.2130708504812683e-07
0.01991,9e-05,99.8,22.75,500.0,0.00445,23.3,1024,1.49e-05,0.0003111,0.003,0.0045590000000000006,9.018314698434515e-05,0.5,0.1,1.5,1.0796502167355096e-07,2.6446599869203904e-06
0.019957,0.0001,99.3,23.0,500.0,0.00445,19.8,1024,2.901e-05,9.552e-05,0.002,0.004605999999999999,0.00010016486409914407,0.5,0.1,1.5,3.1588781735545423e-07,1.0630239936093478e-06
0.019957,0.0001,99.3,23.0,500.0,0.00445,19.8,1024,2.964e-05,7.804e-05,0.002,0.004605999999999999,0.00010016486409914407,0.5,0.1,1.5,3.227799094437361e-07,8.616824127712133e-07
0.019957,0.0001,99.3,23.0,500.0,0.00445,19.8,1024,7.745e-05,0.00012765,0.006,0.004605999999999999,0.00010016486409914407,0.5,0.1,1.5,2.8498756641711356e-07,4.821929866248615e-07
0.019957,0.0001,99.3,23.0,499.9,0.00445,23.3,1024,7.788e-05,6.126e-05,0.006,0.004605999999999999,0.00010016486409914407,0.5,0.1,1.5,2.8535361002289696e-07,2.2346632449976766e-07
0.019957,0.0001,99.3,23.0,499.9,0.00445,23.3,1024,7.8e-05,0.0001212,0.005,0.004605999999999999,0.00010016486409914407,0.5,0.1,1.5,3.4296417510638437e-07,5.415816260947428e-07
0.019957,0.0001,99.3,23.0,499.9,0.00445,23.3,1024,1.096e-05,0.0003961,0.003,0.004605999999999999,0.00010016486409914407,0.5,0.1,1.5,7.940010933284646e-08,3.642608936594464e-06
0.019957,0.0001,99.3,23.0,499.9,0.00445,23.3,1024,1.89e-05,0.000152,0.002,0.004605999999999999,0.00010016486409914407,0.5,0.1,1.5,2.054775043516746e-07,1.724188293045796e-06
0.019957,0.0001,99.3,23.0,499.9,0.00445,23.3,1024,7.788e-05,6.126e-05,0.003,0.004605999999999999,0.00010016486409914407,0.5,0.1,1.5,5.707072200457939e-07,4.469326489995353e-07
0.019957,0.0001,99.3,23.0,499.9,0.00445,23.3,1024,1.888e-05,0.0001456,0.003,0.004605999999999999,0.00010016486409914407,0.5,0.1,1.5,1.3683984380789705e-07,1.0973015098104904e-06
0.019957,0.0001,99.3,23.0,499.9,0.00445,23.3,1024,1.744e-05,0.0001568,0.004,0.004605999999999999,0.00010016486409914407,0.5,0.1,1.5,9.479252067917611e-08,8.916738551909315e-07
0.019957,0.0001,99.3,23.0,499.9,0.00445,23.3,1024,1.823e-05,0.0001522,0.005,0.004605999999999999,0.00010016486409914407,0.5,0.1,1.5,7.927351051447796e-08,6.906579638678143e-07
0.019957,0.0001,99.3,23.0,499.9,0.00445,23.3,1024,7.501e-05,6.215e-05,0.005,0.004605999999999999,0.00010016486409914407,0.5,0.1,1.5,3.2952956558038133e-07,2.721129193956086e-07
0.019957,0.0001,99.3,23.0,499.9,0.00445,23.3,1024,6.977e-05,0.0003472,0.005,0.004605999999999999,0.00010016486409914407,0.5,0.1,1.5,3.06065315125051e-07,1.8295519587045504e-06
0.019957,0.0001,99.3,23.0,499.9,0.00445,23.3,1024,5.767e-05,9.402e-05,0.005,0.004605999999999999,0.00010016486409914407,0.5,0.1,1.5,2.522374116008114e-07,4.1556889983165695e-07
0.019957,0.0001,99.3,23.0,499.9,0.00445,23.3,1024,4.372e-05,3.9e-05,0.005,0.004605999999999999,0.00010016486409914407,0.5,0.1,1.5,1.9070125739230147e-07,1.6998454365430336e-07
0.019957,0.0001,99.3,23.0,499.9,0.00445,23.3,1024,7.745e-05,0.0001877,0.005,0.004605999999999999,0.00010016486409914407,0.5,0.1,1.5,3.4049035314957475e-07,8.699438053695485e-07
0.019957,0.0001,99.3,23.0,499.9,0.00445,23.3,1024,1.8875e-05,0.00010453,0.005,0.004605999999999999,0.00010016486409914407,0.5,0.1,1.5,8.208213248072109e-08,4.638376556330835e-07
0.019957,0.0001,99.3,23.0,499.9,0.00445,23.3,1024,1.86e-05,0.0001454,0.005,0.004605999999999999,0.00010016486409914407,0.5,0.1,1.5,8.088461000352419e-08,6.574075899719914e-07
0.019957,0.0001,99.3,23.0,499.9,0.00445,23.3,1024,1.37e-05,0.0001604,0.005,0.004605999999999999,0.00010016486409914407,0.5,0.1,1.5,5.9557926981674796e-08,7.311984919440528e-07
0.019957,0.0001,99.3,23.0,499.9,0.00445,23.3,1024,6.19e-05,9e-05,0.002,0.004605999999999999,0.00010016486409914407,0.5,0.1,1.5,6.775054629074202e-07,9.931129317416128e-07
0.019957,0.0001,99.3,23.0,499.9,0.00445,23.3,1024,7.83e-05,0.000238,0.004,0.004605999999999999,0.00010016486409914407,0.5,0.1,1.5,4.303925351326412e-07,1.428577884173293e-06
0.019957,0.0001,99.3,23.0,499.9,0.00445,23.3,1024,4.6e-05,0.000211,0.001,0.004605999999999999,0.00010016486409914407,0.5,0.1,1.5,1.0036289762627478e-06,4.966958805679298e-06
0.019957,0.0001,99.3,23.0,499.9,0.00445,23.3,1024,3.5e-05,6.87e-05,0.002,0.004605999999999999,0.00010016486409914407,0.5,0.1,1.5,3.8115660207055643e-07,7.532149312839078e-07
0.019957,0.0001,99.3,23.0,499.9,0.00445,23.3,1024,3.11e-05,0.000176,0.005,0.004605999999999999,0.00010016486409914407,0.5,0.1,1.5,1.3540612654101548e-07,8.097423105896549e-07
0.019957,0.0001,99.3,23.0,499.9,0.00445,23.3,1024,3.3e-05,8.24e-05,0.005,0.004605999999999999,0.00010016486409914407,0.5,0.1,1.5,1.4371252933367497e-07,3.627977909370466e-07
0.019957,0.0001,99.3,23.0,499.9,0.00445,23.3,1024,7.775e-05,0.000111,0.005,0.004605999999999999,0.00010016486409914407,0.5,0.1,1.5,3.4183956515488125e-07,4.938308023267646e-07
0.01991,9e-05,99.8,22.75,500.0,0.00445,19.8,1024,5.05e-05,0.000291,0.005,0.0045590000000000006,9.018314698434515e-05,0.5,0.1,1.5,2.2096470305703102e-07,1.5267151412246576e-06
0.019957,0.0001,99.3,23.0,499.9,0.00445,23.3,1024,9.5e-05,0.000253,0.005,0.004605999999999999,0.00010016486409914407,0.5,0.1,1.5,4.200471533205694e-07,1.2291036542313308e-06
0.019957,0.0001,99.3,23.0,499.9,0.00445,23.3,1024,2.9e-05,0.000102,0.005,0.004605999999999999,0.00010016486409914407,0.5,0.1,1.5,1.2623197443644895e-07,4.5216842493418073e-07
0.019957,0.0001,99.3,23.0,499.9,0.00445,23.3,1024,1.99e-05,0.000134,0.005,0.004605999999999999,0.00010016486409914407,0.5,0.1,1.5,8.654627268915624e-08,6.023762686005336e-07
0.019957,0.0001,99.3,23.0,499.9,0.00445,23.3,1024,3.49e-05,5.85e-05,0.005,0.004605999999999999,0.00010016486409914407,0.5,0.1,1.5,1.5202497014485006e-07,2.5591517661895895e-07
0.019957,0.0001,99.3,23.0,499.9,0.00445,23.3,1024,5e-05,3.05e-05,0.005,0.004605999999999999,0.00010016486409914407,0.5,0.1,1.5,2.1834224870625055e-07,1.3278425102887608e-07
0.019957,0.0001,99.3,23.0,499.9,0.00445,23.3,1024,4.49e-05,0.0001413,0.005,0.004605999999999999,0.00010016486409914407,0.5,0.1,1.5,1.958879237312467e-07,6.375152022009511e-07
0.019957,0.0001,99.3,23.0,499.9,0.00445,23.3,1024,2.97e-05,9.2e-05,0.005,0.004605999999999999,0.00010016486409914407,0.5,0.1,1.5,1.2928928126743604e-07,4.063522531442114e-07
0.01991,9e-05,99.8,22.75,500.0,0.00445,19.8,1024,0.000107,0.0001683,0.005,0.0045590000000000006,9.018314698434515e-05,0.5,0.1,1.5,4.791555309597745e-07,7.853523553407783e-07
0.01991,9e-05,99.8,22.75,500.0,0.00445,19.8,1024,2.981e-05,6.983e-05,0.002,0.0045590000000000006,9.018314698434515e-05,0.5,0.1,1.5,3.246400320229634e-07,7.685793845008743e-07
0.019957,0.0001,99.3,23.0,499.9,0.00445,23.3,1024,3e-05,0.000183,0.005,0.004605999999999999,0.00010016486409914407,0.5,0.1,1.5,1.3059978056586032e-07,8.456223242443983e-07
0.019957,0.0001,99.3,23.0,499.9,0.00445,23.3,1024,2.9e-05,0.00019,0.002,0.004605999999999999,0.00010016486409914407,0.5,0.1,1.5,3.155799360911224e-07,2.204786816848285e-06
