capacitorTotal,capacitorTotalUNC,airPressure,airTemperature,voltage,FOV,FPS,resolution,velocity,velocityE,travelDistance
0.019910,0.00009,99.8,22.75,500.0,0.00445,19.8,1024,0.000050625,0.0002835,0.002
0.019910,0.00009,99.8,22.75,500.0,0.00445,19.8,1024,0.00003644,0.0001736,0.002
0.019910,0.00009,99.8,22.75,500.0,0.00445,19.8,1024,0.00002911,0.0000906,0.002
0.019910,0.00009,99.8,22.75,500.0,0.00445,19.8,1024,0.0000295,0.00007671,0.001
0.019910,0.00009,99.8,22.75,500.0,0.00445,22.8,1024,0.000033825,0.0000611,0.004
0.019910,0.00009,99.8,22.75,500.0,0.00445,19.8,1024,0.0000287,0.0000803,0.002
0.019910,0.00009,99.8,22.75,500.0,0.00445,19.8,1024,0.00005056,0.0002827,0.022
0.019957,0.0001,99.3,23.00,499.9,0.00445,23.3,1024,0.0000218,0.000795,0.0032
0.019957,0.0001,99.3,23.00,499.9,0.00445,23.3,1024,0.000203,0.0000305,0.0044
0.019910,0.00009,99.8,22.75,500.0,0.00445,23.3,1024,0.0000149,0.0003111,0.0033
0.019957,0.0001,99.3,23.00,500.0,0.00445,19.8,1024,0.00002901,0.00009552,0.041
0.019957,0.0001,99.3,23.00,500.0,0.00445,19.8,1024,0.00002964,0.00007804,0.021
0.019957,0.0001,99.3,23.00,500.0,0.00445,19.8,1024,0.00007745,0.00012765,0.016
0.019957,0.0001,99.3,23.00,499.9,0.00445,23.3,1024,0.00007788,0.00006126,0.005
0.019957,0.0001,99.3,23.00,499.9,0.00445,23.3,1024,0.00007800,0.0001212,0.0040
0.019957,0.0001,99.3,23.00,499.9,0.00445,23.3,1024,0.00001096,0.0003961,0.003
0.019957,0.0001,99.3,23.00,499.9,0.00445,23.3,1024,0.00001890,0.000152,0.002
0.019957,0.0001,99.3,23.00,499.9,0.00445,23.3,1024,0.00007788,0.00006126,0.003
0.019957,0.0001,99.3,23.00,499.9,0.00445,23.3,1024,0.00001888,0.0001456,0.003
0.019957,0.0001,99.3,23.00,499.9,0.00445,23.3,1024,0.00001744,0.0001568,0.004
0.019957,0.0001,99.3,23.00,499.9,0.00445,23.3,1024,0.00001823,0.0001522,0.005
0.019957,0.0001,99.3,23.00,499.9,0.00445,23.3,1024,0.00007501,0.00006215,0.008
0.019957,0.0001,99.3,23.00,499.9,0.00445,23.3,1024,0.00006977,0.0003472,0.004
0.019957,0.0001,99.3,23.00,499.9,0.00445,23.3,1024,0.00005767,0.00009402,0.005
0.019957,0.0001,99.3,23.00,499.9,0.00445,23.3,1024,0.00004372,0.0000390,0.005
0.019957,0.0001,99.3,23.00,499.9,0.00445,23.3,1024,0.00007745,0.0001877,0.005
0.019957,0.0001,99.3,23.00,499.9,0.00445,23.3,1024,0.000018875,0.00010453,0.005
0.019957,0.0001,99.3,23.00,499.9,0.00445,23.3,1024,0.0000186,0.0001454,0.005
0.019957,0.0001,99.3,23.00,499.9,0.00445,23.3,1024,0.0000137,0.0001604,0.005
0.019957,0.0001,99.3,23.00,499.9,0.00445,23.3,1024,0.0000619,0.00009,0.002
0.019957,0.0001,99.3,23.00,499.9,0.00445,23.3,1024,0.0000783,0.000238,0.004
0.019957,0.0001,99.3,23.00,499.9,0.00445,23.3,1024,0.000046,0.000211,0.001
0.019957,0.0001,99.3,23.00,499.9,0.00445,23.3,1024,0.000035,0.0000687,0.002
0.019957,0.0001,99.3,23.00,499.9,0.00445,23.3,1024,0.0000311,0.000176,0.005
0.019957,0.0001,99.3,23.00,499.9,0.00445,23.3,1024,0.000033,0.0000824,0.005
0.019957,0.0001,99.3,23.00,499.9,0.00445,23.3,1024,0.00007775,0.000111,0.005
0.019910,0.00009,99.8,22.75,500.0,0.00445,19.8,1024,0.0000505,0.000291,0.005
0.019957,0.0001,99.3,23.00,499.9,0.00445,23.3,1024,0.000095,0.000253,0.001
0.019957,0.0001,99.3,23.00,499.9,0.00445,23.3,1024,0.000029,0.000102,0.001
0.019957,0.0001,99.3,23.00,499.9,0.00445,23.3,1024,0.0000199,0.000134,0.004
0.019957,0.0001,99.3,23.00,499.9,0.00445,23.3,1024,0.0000349,0.0000585,0.002
0.019957,0.0001,99.3,23.00,499.9,0.00445,23.3,1024,0.00005,0.0000305,0.001
0.019957,0.0001,99.3,23.00,499.9,0.00445,23.3,1024,0.0000449,0.0001413,0.005
0.019957,0.0001,99.3,23.00,499.9,0.00445,23.3,1024,0.0000297,0.000092,0.0011
0.019910,0.00009,99.8,22.75,500.0,0.00445,19.8,1024,0.000107,0.0001683,0.0029
0.019910,0.00009,99.8,22.75,500.0,0.00445,19.8,1024,0.00002981,0.00006983,0.001
0.019957,0.0001,99.3,23.00,499.9,0.00445,23.3,1024,0.00003,0.000183,0.005
0.019957,0.0001,99.3,23.00,499.9,0.00445,23.3,1024,0.000029,0.00019,0.002